Gene,Expression_rate
YJL189W,345.752618630006
YMR108W,899.234574968758
YBL103C,234.968132617074
YBR137W,2521.07004602698
YDR178W,382.437009345347
YJL163C,53.7186865937066
YMR037C,392.127890950688
YLR059C,99.1985394889732
YPL024W,227.732913563527
YDL132W,368.606944754046
YPL144W,1744.434982689
YLR029C,98.8365193472937
YOL100W,353.735479509701
YOR073W,394.709997684586
YJR126C,1066.97610789437
YBL032W,1627.49834715643
YJL148W,1066.14100438167
YER175C,91.4952485102782
YGL012W,150.43462580723
YPR189W,862.187454518648
YOL088C,367.128152843331
YKL206C,180.368871353585
YDL056W,257.059580139111
YFR014C,1112.60571074649
YGL019W,289.811130075587
YKL138C,491.442205498695
YDR400W,1585.51645917
YCR071C,489.033170178512
YLR333C,29.8009634525448
YOL053W,204.414815694234
YKL160W,210.637343973911
YDR009W,375.581599905354
YJR138W,148.614943280213
YNL330C,262.319037953336
YDL044C,557.455586357883
YBL072C,41.5185518710237
YNR024W,1115.89039465979
YPL078C,16.9481139846847
YHR177W,1191.07151615013
YOR034C,694.043871819181
YGL079W,1760.86430448438
YBR076W,1921.73382757861
YLL019C,562.96774510976
YKR018C,4404.35331085264
YMR010W,474.363723885802
YDR071C,5165.86161164783
YCL063W,268.812949330553
YIR006C,1038.85902354006
YLR067C,431.144253642263
YDR078C,535.658560035766
YPR112C,236.264853429967
YLR023C,698.482372082102
YOL114C,89.4087711722277
YGL241W,161.904485159364
YPL086C,511.346690568958
YNL022C,527.908637653707
YGR090W,660.417538455156
YKR005C,768.611294529677
YLR272C,213.939294112479
YOR153W,289.634311422027
YGR218W,508.006625801229
YML013W,783.298331068239
YDR007W,995.829612066821
YBL095W,252.1506368604
YNL275W,233.895845602199
YEL048C,134.348220529948
YLR116W,377.22342510899
YNL215W,447.142679107148
YLL005C,76.7129269673127
YNR002C,343.17256201202
YKL092C,2458.89229747149
YKR074W,1385.6849849857
YNL054W,805.866011904404
YMR148W,2503.58716421492
YIL018W,328.580145996794
YMR060C,912.10409937114
YMR083W,278.672387182347
YPR002W,5087.43710582706
YAL047C,248.850051928292
YOR090C,324.266810957351
YNL023C,2418.35418046782
YHL042W,102.399978991256
YOL030W,263.695197670718
YDR460W,1306.23687170751
YDR505C,1019.83067885055
YHL036W,9820.80168008858
YNL223W,778.673872081751
YLR203C,194.821733376865
YPR139C,853.629178397715
YPL213W,671.590057124912
YMR305C,313.608716018146
YER063W,2638.05375932086
YGL060W,224.144143280653
YOR108W,36.9659325022404
YBR181C,1977.99985270822
YPL250C,216.32044123088
YGR108W,202.123010153051
YGR089W,236.272460774481
YMR184W,160.215048186083
YBR175W,568.637683710053
YKL048C,2324.10532044472
YAL007C,213.996165570787
YEL024W,585.479981438225
YGL137W,735.68615506847
YJL034W,360.093582568334
YMR123W,561.831777176381
YKL065C,229.796542533224
YOR051C,1005.46978988118
YPL034W,2428.63349977156
YML126C,959.329427659194
YDL226C,54.3343242495171
YOR137C,6725.418573645
YMR070W,518.45626173616
YJR127C,290.19489323757
YPR035W,172.628627581454
YGL106W,1405.01006109686
YNL259C,572.648319605156
YFL059W,506.444213786075
YEL038W,361.190518163134
YLR360W,250.088455701093
YMR062C,664.601921778868
YER024W,169.375082830575
YHR094C,754.856426344427
YNR036C,339.213919466502
YBR045C,1211.06148348765
YHL032C,871.946381390339
YGR281W,331.857530502289
YIR011C,724.699239811135
YMR167W,124.383870485507
YGL160W,65.8233993572905
YIL142W,870.424621894611
YAL051W,264.336250360196
YOR219C,1895.2323490663
YLL052C,528.095997765381
YOR313C,137.673547993315
YDR404C,1181.98591953892
YKL113C,796.789000512986
YBR198C,91.6476680001473
YPR149W,1214.99277413082
YFL048C,8354.46708071143
YIL130W,569.116476875683
YNL132W,307.987610399061
YKL125W,1476.52928691598
YPL198W,27.930259416013
YMR220W,1999.64332477096
YMR159C,3666.13845199848
YJL213W,397.103559973115
YJL204C,1142.24745395202
YBR130C,275.196696701534
YHR047C,211.24359853469
YDL143W,331.983618832598
YKL164C,542.513025857456
YBR212W,102.924367927035
YDR376W,1103.40729724192
YFL012W,458.946624121781
YDR444W,1039.61795304619
YGR061C,485.849000462504
YGL036W,5914.21114706074
YOR068C,104.91141108539
YNL210W,2051.4454390093
YPL018W,253.84425436185
YIL087C,1683.30100223078
YGR032W,346.159531286129
YKR101W,3559.46892253208
YMR195W,486.901845566949
YNR048W,1713.40968543957
YLR176C,927.507835224681
YFR019W,500.014249157149
YGL215W,359.593501037296
YOR382W,100.108112494644
YDR197W,208.21088585119
YFL049W,365.011469680555
YGR159C,130.396813408266
YPL075W,162.383375166026
YBR167C,274.006083973166
YDL144C,59.9787852717377
YBL099W,154.301307061053
YMR306W,1461.35116790629
YPL192C,236.487910406154
YHR201C,556.237218139595
YFR047C,835.839450992262
YDL055C,728.526993135594
YOR355W,1378.38406696689
YPL259C,288.342097369175
YMR236W,237.193618152987
YKR089C,259.973310025664
YML032C,673.156626938864
YLR422W,4033.85531998626
YIR016W,173.314189144947
YKL026C,519.140214189721
YGR030C,908.234303735413
YHR186C,2099.83771488641
YLR195C,2115.62584831922
YLR019W,268.319848484011
YLR039C,1272.98561325184
YPR172W,234.077603254319
YNR020C,351.99167612089
YNL095C,25.3125739823702
YIL099W,440.534248019974
YCL004W,122.079264299974
YMR022W,10992.8399537677
YOR336W,99.5988606764856
YDL057W,160.906471015854
YHR082C,119.031896345114
YGR224W,306.95831080506
YMR193W,5014.17234946736
YCR081W,170.079481519145
YHL034C,234.730778635574
YLR077W,268.909170943652
YPR190C,1371.63666041865
YML042W,628.993557623098
YOR312C,226.889782252876
YNL269W,573.953227939607
YBR219C,397.006819677755
YNR049C,587.191282169212
YPL158C,238.089078837237
YMR031C,32.3361188933294
YJL014W,2214.25625365764
YOL142W,90.4070706706355
YBR189W,641.007049591059
YOL066C,1841.76230495166
YNL176C,1052.14310697543
YLR037C,1785.08376133902
YIL067C,189.039636523024
YOR280C,373.748386044237
YBL004W,533.87228845439
YDR308C,331.41341651971
YJL196C,390.804025347112
YIR024C,939.821220557422
YDL095W,528.674748887955
YLR081W,171.988570033227
YPL002C,52.8400414049775
YGR180C,594.388076766999
YOR062C,1295.05584307793
YML094W,451.548321960861
YGR016W,512.941923423094
YMR260C,582.012927830858
YER177W,379.26882666253
YHR170W,943.020362474107
YOR363C,388.610461068693
YBR114W,2041.14128548028
YKL059C,102.335160936735
YNL169C,192.927422406103
YMR113W,353.801484997709
YPR043W,595.198374346711
YLR126C,1061.63302129032
YDR446W,2062.02762373739
YOR028C,635.907001972451
YDL191W,267.595522330505
YJL070C,394.562499730429
YIL027C,258.867333499318
YOR338W,7928.05218586225
YHR070W,4518.32560332747
YKL144C,301.855654092969
YJL020C,343.023433856059
YPR027C,835.328631453892
YDL121C,190.880481213769
YPR085C,2502.28584194791
YHR101C,851.923161612151
YKL218C,710.825947197094
YJL115W,1213.48248011447
YGR210C,8813.67431216843
YAL005C,82.2210974840526
YNL093W,1541.29828508956
YER040W,299.827182183701
YJL091C,53.1226115498395
YDR332W,2929.34802571698
YLR448W,166.911696185115
YNL024C,1353.26323946006
YBR138C,612.559529525569
YIL029C,2728.78810070983
YHL012W,523.701090328263
YDR391C,433.744384637701
YJL044C,273.681845282965
YER104W,576.000954956815
YCR052W,742.208942907556
YPL056C,510.794456803497
YDR214W,541.284923913409
YML003W,1256.43636163855
YNL163C,99.5253170858338
YLR291C,352.045479330858
YNL045W,80.2764043443288
YGL166W,1248.99675608612
YOL115W,334.729855742529
YKL135C,779.871374473362
YLR128W,420.411023249953
YDL101C,1097.2201330406
YLR453C,855.163666480146
YBR171W,509.030202730887
YBR029C,212.126922663979
YPR175W,119.106912925955
YDL215C,542.631202661536
YJR109C,640.286960215606
YPL112C,1176.4011875804
YBL102W,235.766290209173
YDL029W,129.862546436599
YDR451C,4348.80313870605
YPR134W,4903.94384182798
YJR090C,1041.02043893809
YDL213C,1768.82851956378
YLR181C,4537.84824526847
YBL113C,2681.99195774556
YDR492W,1537.78200530713
YJL041W,922.193207702606
YLR170C,501.721682456409
YNL059C,1588.54359760422
YPL165C,243.822041343917
YJR015W,828.789839332178
YJL010C,243.083847164657
YLR190W,438.726408921689
YPL218W,618.134214922762
YDR303C,77.4513729977069
YGR078C,1396.03102587501
YOR256C,177.055078687701
YDR213W,202.206815864266
YDR068W,326.85054509566
YPL068C,1243.14839681094
YER057C,9282.12422225543
YOR220W,226.886867436618
YER061C,1838.50322316546
YOR292C,2214.6120715794
YEL043W,114.938728385069
YMR297W,169.061915381272
YDR488C,59.0309592091195
YML049C,3464.51144399072
YOR227W,1201.93756323219
YGR054W,281.468653398356
YDR379W,313.932522963295
YKL167C,567.23804965847
YDR300C,754.954991422997
YDR359C,197.064304977686
YLR219W,3348.27470162927
YCR101C,588.125536983713
YGL111W,627.803715520402
YIL169C,79.1427549232134
YGL089C,855.636991985922
YNL088W,125.73257069462
YGR163W,79.6677949604947
YOR266W,544.768948061429
YDR323C,104.648375817921
YGL135W,199.697611672222
YLR179C,683.718253319323
YCL043C,509.824804681854
YML075C,152.662011120836
YDL147W,66.7903138450263
YOR122C,233.898802288332
YHR161C,59.6641545597469
YBR264C,1016.03354876978
YKL193C,1548.43638032298
YGR246C,569.128035220613
YOR132W,437.932117685672
YOL097C,129.522277400552
YJL098W,114.542793839285
YPL074W,775.258135298518
YCR044C,2839.93892209301
YOR076C,287.88534990465
YGL081W,318.58427869422
YDL141W,420.605163941318
YKR022C,585.912460229511
YLR245C,483.760517864791
YGR197C,1206.25560702892
YPL036W,394.471417444813
YMR076C,1908.14533011237
YNR023W,331.469355536609
YPL154C,398.836788266993
YFR039C,3946.9733237443
YGL029W,1241.83916730538
YDR037W,3722.72428749989
YDR143C,930.585957128008
YJL077C,359.742538315484
YKL017C,1585.56127373396
YLR430W,2447.17782569835
YPL186C,167.149554549639
YBR268W,455.547934985139
YJL144W,665.419980625408
YJL162C,1764.6529801625
YDR030C,1759.57733305145
YLR150W,5171.42942476367
YNL031C,2014.82155043928
YML051W,81.848473591088
YLR455W,476.002189194228
YER046W,378.55440462273
YPL057C,96.5187805063409
YPL217C,372.380313673751
YLR457C,643.654740639765
YNR062C,1283.98275750053
YDL072C,194.329663962661
YBR290W,56.8148880319657
YPL048W,2537.69710398123
YIL008W,384.829917553368
YMR313C,310.60345078952
YOL036W,331.559936166804
YKL165C,843.322853883932
YJR075W,482.727434785433
YLR165C,561.910909630245
YGL092W,899.561540798904
YIL152W,15.2338391289729
YER172C,4611.38507945862
YMR094W,774.254475860097
YBR164C,1207.89544626143
YPL247C,288.334961206876
YHR202W,1058.58464028149
YLR314C,1950.01200050096
YDR261C,1347.05208290969
YMR192W,88.7382754782893
YML027W,578.007946229815
YDR103W,222.996934738973
YCR020C,34.1916442358954
YPL101W,119.867796058642
YPL191C,1369.69925231405
YOR245C,94.5209751404789
YGL037C,1349.5907673522
YAR027W,1481.81380342599
YGR070W,814.598326407326
YGR080W,950.679091512385
YLR166C,643.713444142328
YFR013W,103.569638825484
YML127W,419.260212567174
YBL093C,125.640128928465
YGL095C,28.6786797651369
YMR023C,240.80838008951
YJR040W,71.202152729654
YPR162C,1031.52746533587
YLR262C,157.96286911796
YFL016C,1169.80554363745
YML065W,378.023519576837
YGR091W,195.691460816152
YJR069C,148.150713294412
YGR221C,40.1700192222104
YNR029C,3371.43408523345
YMR229C,565.859534237191
YJR050W,1396.32645491351
YER020W,115.019562299753
YNR037C,2951.43986228982
YML105C,233.759459918209
YAR007C,65.6970855887421
YCR033W,238.743467014398
YKL009W,2063.34137056131
YFR036W,371.885207002423
YFL001W,745.834179016854
YIL016W,904.721454393336
YMR079W,432.380365587485
YPR118W,349.971673799565
YPL221W,235.784720038791
YER012W,1265.06269926277
YPL242C,176.356052606854
YKL022C,312.231697491678
YPR192W,2478.98216291294
YAR018C,321.218506076464
YFR023W,176.525879505089
YLL022C,2593.23878022062
YDR104C,864.503663411366
YLR299W,1573.96121301621
YGR231C,2530.49069742224
YLR015W,116.669975698724
YBL063W,381.343036873517
YLR421C,936.961206010856
YLR398C,655.395615683091
YDL088C,49.5368866194011
YLR004C,141.179076884402
YDR325W,406.374645925015
YGR053C,2926.32244168423
YDR286C,81.4342618482689
YLR433C,135.718355661183
YGR250C,359.073150536735
YDL090C,363.85095483449
YKL049C,36.2152828860003
YHR107C,257.42094962257
YHR216W,87.9715074330921
YDR487C,116.47666697655
YIL120W,207.550329387555
YAL062W,164.246333283763
YDR364C,893.152859902598
YKR103W,1069.50320590387
YBR040W,212.477973497839
YDL214C,15.693775286953
YDL168W,187.500399541509
YDL234C,99.9809466132245
YJR021C,227.915827455076
YDR167W,192.899179279368
YER183C,394.194517578328
YLL032C,234.340608459706
YOR144C,766.847784003865
YGR211W,455.162140647469
YER037W,3164.24750440109
YFL050C,2104.23949293072
YGR288W,690.91037632183
YPL219W,531.172176541426
YDL054C,552.462708808654
YDL098C,1072.75342363388
YFL017C,280.475358891858
YDL138W,603.225427514048
YAL027W,1340.42983906797
YJR113C,554.983736485441
YER101C,802.633247657364
YLR222C,230.202198123706
YHR096C,1701.40058313055
YJR030C,1623.68223707414
YOR133W,514.450114105879
YHR075C,901.328163109506
YER117W,57.6211523811777
YNR006W,137.649362549879
YKL057C,2111.49574446687
YPR119W,971.946465758606
YLR243W,1036.26477874062
YGL124C,1972.24561548546
YKR082W,93.2476683696673
YBR286W,582.106960536503
YEL052W,1294.39632406754
YMR078C,1472.13456127337
YNL264C,2393.35565062273
YOR371C,245.489276430487
YGR063C,175.809749634564
YOR166C,1592.23281872951
YIL020C,653.902592699644
YIL149C,476.714378977819
YOR177C,562.264966271877
YOR359W,1463.75974021465
YDR087C,385.308260556643
YAL028W,258.193249373493
YPR086W,377.265340649228
YPL127C,761.404779220195
YKR090W,1125.62576233232
YDL150W,442.680693390503
YHR210C,1355.96384666194
YJL181W,177.499010598884
YKL068W,1851.09068160767
YJR145C,270.044069321975
YBR109C,376.126318155476
YGR222W,1481.61820803019
YDR113C,178.724815481346
YBR145W,1039.8089311582
YPL199C,506.802888751462
YMR013C,417.069951223347
YBR074W,1089.31927380865
YBR154C,1351.67705152736
YIL041W,322.170512621189
YPR037C,472.540829898968
YCR048W,267.333730355254
YBL003C,235.830912008237
YGL220W,6476.23643801185
YPL067C,585.946458414677
YPL030W,6215.47621603776
YGL021W,331.949372868935
YNR031C,647.170401779922
YML043C,691.317913077142
YBL089W,286.780779278577
YLR069C,2254.28481840677
YPL110C,130.169957313558
YKR041W,300.271596283273
YOR311C,313.749100362918
YJL060W,1732.26172866613
YLR343W,14.3533218574688
YNR007C,236.642773242633
YEL051W,350.779393972065
YCL010C,1865.77450278963
YGR171C,254.078682743418
YKL181W,1001.61717861021
YHR154W,642.357009069637
YKR034W,163.405753447302
YDL102W,358.579764036864
YGR110W,2582.26901389754
YIL044C,422.321276958296
YPL245W,1573.42508264992
YGL084C,189.615653636292
YGR101W,349.267382963972
YPL234C,148.477747785663
YAR023C,174.402650986741
YDR019C,211.93682368141
YKR048C,823.866719020215
YNL151C,1645.30880768599
YLR214W,417.596004272453
YJR004C,941.669486829956
YDR280W,1397.80235244618
YER168C,244.95906567698
YNL265C,3024.69545435798
YMR058W,70.1391882776137
YHR139C,158.093600639352
YDR466W,159.3353175119
YGR097W,60.7543035858227
YML025C,174.197223909229
YLR070C,123.472633103254
YJR118C,571.018660894854
YLL029W,1473.65155510078
YJR019C,3784.17172179309
YOL120C,762.236644098282
YGL198W,1081.96083171162
YBL051C,1257.66595121291
YGL232W,754.153978131127
YPL105C,692.484426594147
YCL045C,1544.98756276509
YLR396C,227.79093233926
YNL233W,775.748430428882
YHR133C,516.575016997299
YHR190W,226.718790652021
YPL133C,2624.03707882036
YLR438W,1041.90578757467
YDR483W,199.554787088766
YLR347C,351.636598780902
YJL068C,4080.42411458515
YLR237W,70.1166789517659
YHR041C,73.6064440374496
YFR015C,166.748289073291
YOL009C,45.3204170659414
YNL253W,1326.80684559518
YBR082C,160.187642433198
YFL055W,2227.00840212132
YPR156C,96.2232826173612
YHR135C,559.993479969153
YML095C,305.755043032978
YCR069W,7004.0916023117
YDR105C,376.146670801518
YKL204W,96.8478805397513
YML109W,211.930750617237
YBR222C,635.952455725339
YGL144C,248.890571456756
YLR185W,701.020827448747
YIL090W,1094.27747828676
YKL159C,719.722570308737
YCL047C,40.1279518064385
YFR037C,131.219652269694
YPL190C,231.342339595212
YML020W,108.142291342768
YIL053W,1102.10245528681
YDL113C,697.191320462188
YPR128C,166.246805419049
YPL118W,3265.08288391137
YNL200C,92.212488555845
YDR125C,298.414818152375
YKL172W,499.89018380313
YEL058W,349.777130394018
YCL054W,1592.44133771809
YDR265W,177.642297167787
YPL072W,2971.4338909369
YCR021C,60.803557595314
YHR132C,140.838668584178
YAL031C,3553.59922108931
YNL149C,386.193771340256
YGR141W,6216.10286910194
YDL111C,290.044404177599
YDR011W,225.493596950173
YGL068W,1990.2072420139
YLR456W,471.912581829725
YDR540C,1799.25396189066
YPL237W,4283.24712647184
YPR106W,343.527910423783
YDR510W,21680.3626907048
YLR014C,1572.9077484021
YPR187W,337.394293729529
YLR283W,336.421301795679
YGR230W,246.22530958681
YMR099C,336.494861237115
YDR501W,182.677615566375
YNL160W,413.45951743536
YCR017C,82.0860764226641
YHR111W,258.723368759776
YLR394W,138.045813289436
YHR112C,564.139649668722
YGR145W,2908.92475514537
YDR291W,200.779025796449
YDL053C,353.792844160106
YJR151C,4278.9900207038
YJL167W,673.349918000381
YNL292W,192.002329274743
YAL029C,48.3207410510715
YDR381W,905.531698443722
YOR025W,260.919127387057
YDR263C,3322.17762675564
YKR003W,108.50765015883
YBR166C,46.3355182697319
YMR162C,1254.48000973849
YOL070C,585.390195083348
YHR124W,664.702140818613
YCR077C,626.429479508165
YPL087W,576.512351240697
YIL052C,267.475920062124
YDR479C,173.166257947988
YDL099W,1313.03380472394
YIL140W,2119.03985139574
YOL110W,342.465571277939
YJL047C,1383.39138357347
YKL143W,2455.24231340657
YGR042W,2591.71049946296
YAL058W,272.340949021071
YFR027W,795.901000752652
YDR288W,4982.16641461077
YDR374C,118.38946477407
YMR308C,318.160741375526
YAR003W,943.782765541275
YDR351W,119.125010044968
YCR089W,108.216573454816
YDR165W,439.971999569025
YGR237C,1411.87680665977
YIL103W,157.8680389278
YKR039W,186.479481876417
YKR067W,319.713471769196
YDR001C,283.736987603756
YCL042W,66.2416223813549
YDR174W,924.948162957573
YDR108W,1024.42019097072
YLR073C,643.024881841196
YML077W,491.633170768895
YHR089C,1791.83722429112
YNL003C,370.945972854357
YOL124C,156.704626870003
YPR030W,905.697478403595
YPL052W,419.435768400294
YNL240C,427.783894432976
YML130C,127.885056842475
YIR036C,947.98735148369
YGL017W,257.057405060862
YMR061W,1668.44821930335
YIL075C,940.73665524215
YDR093W,37.1214395492496
YNL267W,288.850307879185
YOR294W,208.866316151784
YFL051C,1095.90710096709
YKR038C,4053.30106040431
YER130C,600.757194778638
YDL033C,548.615207965636
YHL016C,66.3720965783141
YDL178W,49.2539007954947
YJL140W,1666.64613277218
YCR026C,869.452702174948
YGR223C,60.191132969044
YOR303W,2007.18806750172
YML014W,1242.22222731445
YDR497C,163.093318218663
YDR420W,104.427278218766
YDR447C,194.206716511649
YAL044C,802.01968483881
YOL073C,162.365773043587
YJL203W,2631.37641789953
YPL193W,268.732102511324
YDR163W,1343.64935610073
YDR222W,2480.00652326386
YGL247W,1999.56761579438
YOL164W,4448.22276484708
YJR147W,198.000495528171
YGR102C,1341.34678240448
YFL005W,1136.87687505942
YOL112W,310.75213532532
YDR175C,197.063942953456
YIL038C,370.470850202339
YGR119C,876.638084398876
YNL172W,1522.36517663589
YOR093C,115.887649149383
YCR016W,5.54753222342803
YBR165W,549.08292935577
YOR058C,3972.7753609595
YHR028C,115.941365770841
YDL078C,253.877522838437
YPR009W,352.157074036425
YDR195W,1113.91700293668
YLR002C,40.2099303495527
YML055W,780.596735552366
YKR088C,541.202219145563
YGL127C,53.3728074326001
YLR234W,185.934963121781
YNL069C,948.509702523336
YOR175C,1244.45916852685
YEL066W,150.748461477586
YPR171W,59.2837975031915
YLL034C,119.740805168584
YBL037W,265.273400200464
YIR017C,735.880335939777
YJL136C,2688.7556414712
YJR111C,114.697965278319
YFR025C,306.650621512749
YKR016W,2222.14773011681
YNR056C,884.502080741464
YPR045C,1491.47904752319
YDR399W,7853.94397222669
YNL268W,1044.58621612874
YDL186W,260.323092947503
YGR262C,2708.28288363369
YGL196W,295.546332734873
YLR382C,746.285789068186
YJL109C,915.323343769666
YLR259C,564.215734105397
YLL001W,597.702567752876
YJR149W,594.889697394412
YIL071C,586.341350007146
YOL022C,266.03788013026
YCR012W,1857.57810356976
YPR108W,523.726654017534
YGR263C,833.104159072287
YGR079W,585.71468044683
YGL035C,537.606677780472
YOR007C,588.788069172278
YGL155W,382.713799606086
YNL108C,2549.1185166641
YER187W,171.472888526796
YHR046C,624.279152661378
YGL191W,705.330060868389
YOR110W,3114.17273023859
YER006W,2388.22541585413
YDR425W,1117.39556001385
YKR004C,258.493033149975
YDR035W,1771.76788441267
YNL222W,214.187616821263
YMR004W,1091.14952574811
YLR417W,387.156965350983
YOR079C,327.17416473551
YFL047W,1499.91467088823
YER015W,376.372996046954
YKR096W,662.814856373396
YPL012W,1133.14353495821
YER096W,121.644755561716
YFR011C,117.62484674642
YHR119W,389.804751119807
YDL007W,910.596977178696
YCR027C,470.953141522662
YDR517W,156.155195918401
YDR416W,242.94189697021
YBR252W,417.225893932545
YNL032W,1615.92720407045
YEL016C,7183.90229086504
YGL187C,635.914528804216
YLR091W,158.351955722042
YGR052W,677.124745084011
YDR297W,1913.09312965188
YJR014W,614.084249169075
YMR043W,3519.45976835175
YBR054W,9769.25768872727
YLR378C,487.41564237404
YOR142W,696.189946216363
YER090W,630.718321294649
YPR075C,1170.23163124717
YPL029W,2076.05058998113
YMR049C,444.712137651619
YKR042W,272.580479384468
YKR017C,1222.35622039682
YCL040W,146.241031156665
YOR010C,127.175461489001
YGR256W,1488.29709320105
YDR377W,735.225055201996
YGL257C,363.846241716931
YJR130C,2790.92392169153
YOR145C,142.290242358938
YBR035C,1186.04727954179
YHR103W,90.4827961531707
YOL133W,355.173672943814
YKL114C,173.404103644208
YFL053W,174.821707638472
YER017C,2768.86454154775
YIL022W,513.749988458794
YIL126W,393.775029969108
YBR186W,152.990902984142
YAL041W,184.017271321751
YMR138W,172.886362989335
YIL093C,1859.34081777274
YMR212C,345.262906054721
YGL025C,299.070325107282
YIL009W,532.041443543383
YOR354C,86.1620211957113
YPR165W,1683.07667668725
YKR051W,133.045678868103
YIL137C,360.025041379433
YDR212W,272.101230699269
YPL093W,564.554645419748
YPL010W,847.622979467152
YHR208W,113.264059032778
YCR068W,1136.10799155956
YML006C,360.505070325341
YNL137C,1221.71251071996
YGR183C,703.793443619563
YJR093C,2946.69448021826
YCL061C,25.2905688378641
YLR441C,423.038415474635
YEL003W,555.863835562192
YPL138C,84.6273325995129
YER123W,1091.90166962938
YBR014C,2638.59300335968
YOR049C,981.969677157653
YDR119W,685.719434657126
YGL235W,636.83953449399
YPL022W,236.902869302926
YMR240C,48.1026457397369
YGL167C,267.402744711565
YBR160W,495.141850980909
YJL099W,1587.7807121728
YPL145C,502.241286532023
YDR389W,1087.88258733237
YML088W,1541.24797519234
YCL052C,576.675712170926
YOR201C,134.670625080181
YOL129W,1714.41245442813
YPL161C,990.524778184104
YNR040W,190.740019992649
YJL177W,3835.23673022845
YBR272C,392.368922215451
YNL336W,680.307087286054
YLR273C,1405.64140566421
YHL011C,426.934723305112
YPL122C,207.866243589478
YCL033C,796.279500679481
YDR192C,173.43373696132
YDR041W,218.716935453803
YNR022C,592.551949292531
YPL263C,211.239319067546
YGL005C,1763.31370876547
YFR028C,274.094476682948
YJR148W,82.9808825115533
YOR037W,2334.35545240494
YKL078W,503.546032967185
YNL162W,987.563039174769
YMR081C,929.074232328263
YGL159W,102.118124115226
YOL004W,905.46511639822
YOL043C,93.1552397531439
YML086C,1342.71862340846
YAL009W,443.659601116183
YEL030W,657.331381516759
YGL237C,58.8791451651993
YJR134C,276.429100839373
YMR227C,2023.86583823748
YLR313C,827.803755670684
YJL063C,160.726679008692
YMR149W,249.310728384146
YML001W,73.3794726493892
YJR022W,2154.5785417074
YJR035W,1377.6610993935
YLR084C,3226.78860522919
YOR335C,700.781150132292
YDL081C,109.436882981288
YPL079W,411.997054880517
YDR494W,518.48669514862
YDR061W,607.38934469565
YDR486C,690.559123796823
YFR043C,249.355425695375
YOR295W,663.956783943003
YHR025W,231.780725025964
YOR369C,394.886498194757
YBR295W,184.620246103668
YEL012W,2903.53541106871
YGR076C,1875.95037716924
YOR078W,401.379692286677
YNL127W,4566.16540597541
YEL001C,1452.61531588765
YJL039C,532.600278167586
YIL146C,708.126203521214
YLR229C,1677.49159989936
YJL081C,153.112165072675
YGR177C,665.056238238044
YHR196W,1339.7395382978
YBR216C,2325.25472432484
YHR019C,216.594774914683
YLR363C,295.873465167692
YMR287C,272.168587550299
YKL088W,684.974656354155
YMR104C,405.162516365404
YBR298C,1349.28414286824
YDR040C,148.063777611449
YEL046C,436.250487945895
YLR220W,444.610077174423
YKL107W,4649.48637302312
YIL097W,961.574051736809
YNR058W,1276.81214340497
YMR259C,923.127087211757
YER142C,293.206833851447
YLR162W,34.4782953322672
YHR081W,4040.67398585566
YLR030W,541.221612291922
YJR095W,373.719536238248
YGR136W,11.7754953038671
YDR006C,85.286749517299
YPR160W,131.410265049304
YOL054W,627.660061975586
YDR023W,764.419044353931
YJL190C,298.7551359989
YDR383C,101.463657679732
YEL025C,1927.23198552005
YMR314W,247.426097140666
YBL104C,1904.48508449504
YNL283C,671.768038614991
YPL014W,313.33321560227
YML124C,240.078358814059
YEL064C,148.248734162385
YJL212C,99.0747230263201
YMR206W,1601.85929549921
YHR131C,656.930795807179
YPL267W,1319.83311436356
YCR004C,180.75976240313
YOR352W,826.26579499849
YFL008W,2671.75346922397
YDL128W,601.829466527201
YMR241W,1180.48995936078
YOL057W,2368.95902883977
YMR125W,758.060018775815
YLR253W,1865.22363231607
YGR232W,1008.59460876447
YKL050C,172.787775503851
YBL023C,33.5526048225575
YFR022W,482.825353728511
YDL073W,905.071201736267
YGL105W,6486.77409544228
YMR085W,584.955973822069
YBL090W,3629.74959089469
YBR017C,176.895732456134
YGL039W,362.136356011376
YPL038W,496.351097980005
YOR061W,827.352588624387
YGL013C,771.784602732116
YGR057C,333.240644348114
YOR190W,274.327113236751
YDR245W,1039.13558445764
YPL231W,2674.38624313273
YIL104C,800.442439023682
YHR050W,618.761127761384
YKR057W,260.728078435523
YBL058W,194.606750896469
YPL240C,493.262358235955
YJL004C,1393.78203283192
YOR104W,721.704337266864
YPL246C,456.473246813931
YDL170W,795.356500883725
YCL056C,892.386529530608
YNL141W,1433.3374357115
YPL277C,250.690182469081
YHR011W,1997.35852665575
YDR244W,708.277200221559
YLR223C,1755.06681336699
YGR138C,748.762956437779
YDR049W,1122.83805993162
YMR196W,2372.89760644277
YBR159W,337.453784783938
YDR285W,1256.96556794167
YGL244W,556.402949264703
YJR080C,2315.24157078002
YPR185W,699.611179657968
YLR427W,407.426652782055
YPL173W,1467.13761284669
YGL164C,1277.59323573513
YDR170C,427.140280616857
YCR011C,134.989194758908
YLR218C,443.635737696597
YJL125C,114.109067233168
YNL053W,74.6519417071334
YOR350C,584.360826162324
YBR201W,201.773463989
YNL279W,267.030833785941
YLR364W,1045.78973831341
YIR007W,2775.83937031397
YDR164C,71.2287201911548
YDL177C,502.159837923186
YNL029C,150.939802034116
YMR028W,556.106289188188
YKR007W,749.379993840337
YPL243W,377.57599089305
YDR306C,538.966589194763
YER032W,159.670075075086
YHR104W,864.932801850273
YJR083C,126.228526794262
YMR171C,352.634364653918
YLR381W,1624.56292772689
YLR324W,1345.27858276642
YJR003C,176.059287360164
YNL103W,213.730492403177
YGL119W,378.989748086668
YBR291C,99.6100555064408
YPR117W,811.562503289676
YNL064C,203.481064671678
YJL141C,16.6085670369516
YDR529C,219.095411123818
YPR107C,199.433209980163
YOL024W,124.064829214735
YNL280C,803.845226618187
YNL288W,93.214989449506
YKR036C,313.040349254631
YFR003C,663.254196868324
YNL152W,114.897313803835
YBR267W,163.072932216204
YJL013C,94.5150074043118
YHL033C,269.259197987687
YHR203C,272.649803321236
YBR176W,304.002130552359
YCL036W,150.344862255854
YNL068C,350.409771783319
YOR178C,306.174927453611
YER005W,596.249271618414
YGL090W,943.23090150168
YBR133C,195.73437102303
YMR096W,159.226093310455
YDL018C,307.161148021159
YKL190W,24.1421217547762
YDR414C,150.780455367664
YLR227C,384.234842319416
YBL030C,552.752378540603
YML071C,395.221966146374
YDL063C,128.165480626067
YPR073C,30.668604687127
YKL025C,235.450287502011
YEL035C,529.351070672707
YGL229C,675.786322135442
YBR245C,105.08508347916
YMR128W,149.050497921491
YPR113W,74.6408069479564
YHR165C,2551.41851317343
YNL317W,1389.87963017608
YLR049C,48.4769217122262
YMR002W,853.125542012342
YLR249W,243.167558651879
YBR210W,5143.62042771562
YDL203C,732.310306584688
YJL134W,233.55434752928
YOR288C,517.043880342668
YBR125C,967.423591414984
YNL135C,516.401454534101
YGR199W,351.60661219756
YGL116W,302.319506176285
YOR174W,211.462991010585
YBR235W,2525.57828063578
YFR026C,864.83659816687
YGR207C,176.060461258458
YGR258C,1866.10113420207
YER077C,254.710339396248
YBL074C,70.0262013852614
YOR380W,315.537846474464
YDL093W,618.173445253506
YKL055C,862.837745021712
YJR017C,566.640784790123
YKL054C,211.269690162943
YGL230C,6974.40286183857
YNR016C,114.836223270655
YLR304C,571.750321732446
YMR012W,550.123143352306
YGL221C,429.047522987086
YPL223C,980.806133610176
YNL302C,561.365035648247
YPR198W,187.103133317857
YFR051C,14.1383280177387
YDR532C,4659.62287868227
YDR127W,314.916306313032
YOL056W,126.167376217837
YOR162C,340.843508788125
YIL158W,288.291855995327
YGL195W,645.531341557714
YER031C,1167.12724984885
YDL022W,1217.5183827969
YOR059C,292.278730807778
YAR064W,1132.94043151864
YNL125C,293.523403063305
YER067W,516.091157113761
YER132C,230.998110706417
YLR189C,560.701166490192
YOR208W,655.446279513354
YNL157W,867.436274831947
YHR136C,400.363934906725
YDR185C,584.853962236563
YER048C,338.858139889653
YFR041C,1389.59923643313
YPL265W,470.567070776715
YPL140C,2352.30511770435
YMR090W,76.3996121072214
YMR239C,67.9531868581399
YDR398W,971.180810747388
YLR390W,1916.91515217107
YNL183C,891.970179511003
YOL078W,230.563889558646
YHR126C,3519.88308339003
YAL032C,185.053988101653
YOL109W,1802.94733087285
YNR066C,416.088369522738
YEL040W,282.526869432476
YOL113W,133.68629148682
YBR037C,190.629156173062
YHL018W,3537.08224213258
YDL219W,506.828214137009
YOR384W,485.462944893203
YER092W,163.374368182266
YCR018C,210.241228737965
YCL011C,265.254881229515
YDR217C,23.5920229886016
YBR083W,136.069752664592
YLR290C,39.6638935925914
YDR099W,266.273454087217
YBL084C,689.563256017284
YOL033W,633.445399581013
YGL209W,626.030128004864
YAL010C,675.735842150891
YHR182W,1457.91459431125
YOL141W,300.119804771377
YGL154C,480.690720717602
YLR145W,118.544486863593
YGR266W,1383.68149165189
YER070W,483.533617971356
YOR211C,554.682460945411
YIL124W,331.805669224053
YIL119C,280.701894173245
YHR069C,887.008922281205
YDL180W,1136.54782101245
YDR145W,148.710263822784
YPL040C,529.378059970649
YPL162C,486.664615434536
YER114C,2046.86280802116
YLR413W,552.947068669795
YNL039W,125.395003618261
YGL172W,1695.52279679652
YDR375C,2038.73080977573
YNL287W,126.838263505329
YNL272C,61947.5443259452
YML107C,232.705848750698
YDL195W,5746.70067663954
YLR072W,768.568873765052
YHR007C,1275.26884062847
YDR430C,1317.78211652943
YNL113W,523.044470296366
YCR067C,379.044071410642
YMR088C,662.881631419959
YML031W,132.740284130915
YBR117C,337.563196959773
YMR126C,1769.16783349044
YPL179W,1230.15175589562
YKL101W,4848.43948311985
YNL307C,133.345267997129
YCR042C,733.227486996687
YDR319C,664.872058858248
YJL089W,337.841020885093
YBL005W,283.336613168462
YGR255C,152.75200964849
YKR094C,2406.73958214015
YDL119C,3388.73247984853
YPL170W,724.520490896179
YGL194C,1482.84598636618
YLR043C,466.118654835677
YDR407C,2384.9819782523
YPR109W,191.599816057312
YKL145W,227.054296073922
YDL232W,221.422692017666
YKL179C,394.489893637853
YDL087C,1368.2244404874
YIR005W,40.307249674792
YJL024C,1361.28720062336
YGR071C,324.456759217329
YLR088W,237.721377042549
YLR211C,935.35443058527
YDL005C,207.311403898082
YOL093W,233.893760945968
YDR138W,475.24974927613
YDL021W,249.447178976145
YDL200C,46.1202302407188
YAR042W,1066.72397979049
YJL157C,60.7765193567474
YBR059C,201.501595498636
YER028C,71.1926004110676
YPL096W,292.247003506418
YOL148C,112.80808054647
YMR075W,755.080792931329
YDL092W,202.188430154583
YOR160W,132.005007016196
YOR374W,3036.5775048783
YOR209C,981.60501432713
YOL108C,676.153188256887
YMR237W,1157.48920736497
YJL201W,65.926280061562
YOR077W,67.7285459119863
YJR066W,292.677728651727
YJL072C,1314.09179629856
YNL083W,1161.18265877646
YLL036C,402.593148225899
YDR296W,1788.89021704196
YJL214W,211.496155900299
YGR212W,78.096858002872
YKL045W,146.176223519417
YDR228C,384.802528335288
YDR067C,631.6626127631
YLR275W,731.385168128272
YPL212C,899.567989476609
YGL027C,33.1107422053728
YGR035C,342.508440816756
YDR028C,349.081847541788
YPL049C,809.626475817128
YMR018W,2283.94030603831
YDL074C,41.7033469666735
YHR008C,332.723612484091
YGL030W,409.128629007272
YLR075W,1284.02615188677
YOL095C,210.381367995822
YNL286W,609.022052293834
YHL031C,1058.56852363624
YLR199C,680.760541496327
YOR368W,1996.68185928806
YLL010C,1558.77627818229
YHR200W,175.877582949342
YHR045W,66.5511405112628
YPR074C,611.636507227064
YPL100W,1109.16176870388
YDR369C,79.670085993459
YBR048W,586.632951295816
YGR165W,241.755455080309
YPL128C,445.465269654373
YLR459W,389.657090985028
YML011C,62.8809581661242
YLR149C,1050.10267441953
YKL207W,810.213172188611
YMR158W,813.457131800834
YBR254C,1419.44448195501
YDR427W,916.679407349489
YBR191W,879.119653205912
YNL159C,505.124529813541
YJR051W,29.9043348106471
YDR126W,166.785174496155
YIL154C,522.569849181867
YOR036W,107.705874772505
YLR392C,1952.45227593454
YPL268W,56.7282305439293
YNL142W,599.009830036495
YKL205W,387.619323056382
YDR508C,750.000251141668
YPR155C,294.085983720466
YLR405W,502.193236223097
YGR168C,130.273669690265
YDL116W,639.463252281268
YJR125C,629.869538235373
YER022W,39.8159764137447
YCR095C,1561.36363968987
YAR071W,325.788792994177
YMR166C,1036.01131465673
YBR241C,730.543688578607
YBL029W,97.3349715996777
YER143W,61.6157149647903
YKL187C,1231.92126206736
YDR403W,548.804727647285
YDL159W,2897.22689460146
YNL263C,1186.67987489358
YML069W,75.9078947461671
YHR033W,100.774950959326
YPL172C,97.1315456647438
YPL274W,1327.61062549433
YPR182W,720.258544979424
YCR106W,417.062991583694
YLR251W,485.115377287278
YIL069C,104.879006721989
YLR320W,700.237485575588
YJL127C,188.52247310076
YOL058W,677.865192931093
YDR055W,775.990490590439
YIL098C,949.792140631379
YNL309W,973.863391061492
YDL108W,1158.27702312573
YGR127W,312.908668953132
YMR316W,2178.32158026441
YPL252C,1776.30337784198
YOL151W,936.531265953672
YMR069W,277.821238001316
YLR003C,2545.71961549535
YNR047W,1203.63469729163
YDR259C,666.741264804821
YGR283C,106.478453833117
YLR240W,907.453072991495
YDR242W,517.514784784293
YNL182C,3296.18315720109
YDR191W,1182.01270920986
YML082W,1765.69315055254
YKL133C,542.526550323716
YBL041W,409.734079203722
YNL090W,2300.74141125828
YIL133C,411.31426438708
YML052W,1173.76742462977
YIL161W,2892.78779944439
YNL002C,1541.95436560469
YIR015W,933.836666600669
YDR248C,128.487026662131
YJL155C,266.534578039336
YNL124W,14.1808448005648
YLR250W,458.619373928839
YDL210W,404.296942307572
YDL201W,727.282140274405
YJL131C,375.369424349939
YJL206C,57.6046934775237
YDR074W,81.6553040734418
YJR155W,1787.64905991664
YIL115C,99.5507560168714
YAL054C,364.633396012931
YMR223W,284.675184020558
YGL122C,243.694452860779
YBL082C,519.424872247158
YMR221C,198.73472190432
YJL218W,827.671036594033
YHR179W,3560.57576604246
YBR065C,883.423182822248
YHR062C,312.432263012105
YKL178C,45.2516140290149
YOR046C,392.021905397616
YHR067W,794.415461137511
YHR030C,289.145037543034
YER133W,397.044891599926
YMR253C,206.512561414927
YOR038C,528.004420718009
YNL289W,203.350978573496
YLR297W,602.834944497976
YIR030C,639.26335111342
YNL314W,136.238559642782
YKL001C,236.258306446855
YOR247W,844.717700102442
YGR062C,562.279428980138
YDL155W,308.906245389931
YPL149W,104.756164692268
YAR031W,1159.38720707811
YFL030W,68.8926570862038
YBR096W,204.869825843845
YPL180W,409.556656004487
YLR011W,670.984579340701
YPL177C,357.125758785725
YJL180C,132.851392869945
YGL245W,434.788879513528
YBR202W,155.028996594334
YLR393W,247.69241135466
YGR117C,121.85605532463
YML099C,7027.29025083241
YKL122C,328.464365281316
YPR082C,520.396917812553
YML028W,242.145506382351
YLR153C,4054.25427477294
YDR281C,426.546529148661
YDR310C,230.359243974804
YDR353W,311.813941609757
YOR232W,99.9018741466036
YPL054W,324.052492771821
YNL085W,1063.77670299412
YOR328W,3021.28709592305
YDR397C,234.359777411248
YKL170W,83.9905230565912
YKR079C,480.15103094749
YPL176C,694.670258254145
YCR014C,1239.24342369205
YDR273W,110.987047118418
YDR437W,772.523114539629
YNL027W,854.504530122647
YNL257C,66.379837336586
YKR059W,371.249574108352
YGL240W,138.584354344713
YFR030W,184.484357666733
YOL027C,652.609065833696
YDL205C,657.370225898267
YJL084C,296.837410024463
YKR024C,1146.90912559051
YIL143C,163.102988133767
YMR017W,311.577453307201
YDL019C,719.100516718497
YKL171W,408.171108697402
YJR117W,267.698068638811
YOR147W,286.135551549902
YKL010C,93.0663866212264
YGL023C,1018.59530259406
YMR163C,158.323623138977
YGR295C,386.333080753653
YAL060W,235.490443861682
YBR095C,293.584979186893
YJL071W,686.788595920437
YEL004W,247.828088813008
YOR191W,1967.85789358623
YOR346W,255.182281131493
YPR194C,277.330717126568
YDR370C,3412.90330125654
YDR424C,418.374980999046
YML047C,118.014683424624
YLR238W,473.99070687776
YCR045C,223.70822766125
YMR280C,70.4969953860123
YPR080W,1061.47713278259
YJR141W,3514.42233547436
YBR108W,411.22351037981
YLR286C,70.6305489566734
YLR113W,889.128490866746
YBR041W,1818.74281054438
YDR378C,1828.99298788414
YBR052C,118.149335212421
YHR109W,279.755287345389
YDR129C,1276.89845191203
YHR058C,556.979216258574
YJL080C,145.994782322072
YDR207C,82.0134206542872
YGR287C,235.678005638659
YNL020C,154.299012716248
YOL034W,150.282919162347
YPR025C,1301.79123909844
YFL031W,830.296924178955
YHR057C,113.615502062669
YFL045C,263.430180896244
YLR034C,586.556068897536
YCR059C,734.282216867231
YML102W,2874.60422640375
YBR147W,279.526810788697
YNL062C,522.099676323849
YGR005C,719.094100051993
YPL266W,1782.76257847873
YBR007C,901.66531814017
YPL088W,505.09850544646
YDR162C,167.19922964448
YCR034W,525.607294245667
YLR044C,208.86931065109
YGR279C,2265.66439418903
YPL059W,1172.51153552701
YJL092W,1336.99910246385
YLL042C,251.451441466051
YJL085W,56.0223110481403
YOR186W,579.424638269521
YOR156C,794.429529867146
YHR086W,30.1461950804363
YJL170C,360.041845982574
YIL121W,423.241730607814
YLL055W,280.821517728554
YLR368W,250.337128508692
YLR216C,54.821348336288
YKL082C,290.178015879721
YIL157C,641.769360257338
YLR325C,209.551090725528
YOL038W,960.590803377731
YIR001C,1014.2320747646
YAL023C,1010.96436624935
YIL037C,586.453766479428
YOL028C,283.491954241991
YJL078C,1506.00638168313
YCL038C,206.464697052836
YLR384C,2034.43559589219
YHR061C,1908.83539989644
YOR018W,74.7731214146567
YLR248W,655.811246942837
YLL039C,66.6624454680373
YPL009C,1016.66582001876
YHR153C,142.389235486372
YJL074C,527.827788725944
YGL045W,1078.16563697209
YCL005W,114.093419529058
YNL244C,363.716503096029
YPL083C,420.536057227008
YNL245C,3841.34431695526
YNR072W,216.747672256716
YDR421W,364.252325987301
YDL169C,573.866456537228
YDR470C,212.78581476976
YAL038W,161.818830230101
YOR096W,65.9550892356497
YOR004W,1259.42345258576
YOL025W,349.885922497536
YKR043C,4946.46174047713
YBL045C,964.041021171989
YHL025W,408.649809020011
YJR002W,34.8787628405036
YDL134C,788.514302338335
YFL039C,60.0480036916554
YGR067C,1945.98373493862
YPR067W,8978.29860867304
YOR179C,385.410600915437
YNL131W,1505.61933487893
YIL079C,2343.62289322866
YDL139C,1355.74048738469
YKR072C,357.252538610421
YKL041W,986.474194582882
YLR418C,260.040360478157
YDR434W,737.644901512143
YIL134W,379.160128603652
YLR082C,930.081555509196
YLR036C,49.3053443959755
YNL291C,667.88703467458
YBL018C,4931.86991761021
YDR439W,830.426682580449
YMR187C,1054.22138600119
YKL110C,474.249357753676
YKL137W,212.717517571175
YLR328W,114.891448141155
YCL039W,285.975357526856
YAL065C,333.471156108994
YOL031C,227.804972037388
YER066W,468.537406317446
YLR351C,544.411300749105
YGL066W,325.855658770258
YKL013C,2063.00076381299
YKR075C,287.949761913435
YBR289W,561.201715060741
YMR111C,459.890229515602
YCL064C,98.8389096431235
YBR092C,413.601631099497
YNR033W,199.25101262828
YOL010W,655.570619490915
YDR331W,1782.07782816934
YBR207W,87.435438822711
YCR008W,925.950689304318
YHR121W,630.509042207084
YAL048C,2211.01821769943
YBR157C,1165.07398821394
YMR165C,3749.89981851193
YJL116C,1989.40554457985
YDR201W,189.074281962235
YNR034W,103.010296030166
YNL281W,421.438529668587
YDR388W,325.824699128546
YGL255W,1194.94908386951
YJR034W,304.774506292119
YDR321W,559.56455535564
YLR344W,345.090951368761
YBR255W,378.079630828772
YFR001W,1759.08928006433
YMR276W,308.068804309765
YML034W,3583.5106679407
YNL225C,137.000824825137
YBL013W,3909.74048204388
YNL194C,22.3423409804517
YOR063W,1574.85636839849
YJR103W,1295.63601973429
YIL111W,295.954952951043
YPL058C,324.872409063791
YNR008W,444.740794783616
YJL026W,582.67685459811
YKR095W,577.033577840904
YLR040C,533.735632725687
YER095W,85.9489501232977
YPR013C,82.497960693624
YIR014W,56.4987387723519
YKL087C,70.7288805513882
YOR236W,52.7411041004964
YER002W,242.15608904692
YLL041C,3053.97635458652
YHL013C,905.36679873917
YGL250W,855.886063248321
YER180C,198.876724012033
YBR143C,200.097171043267
YLR403W,4220.66280701205
YPR098C,168.457711163035
YDR141C,5409.77387158692
YBR213W,240.318663443592
YFR033C,893.997240643641
YJL065C,379.643018781755
YGL099W,19718.5898216489
YLR401C,1627.22781011437
YBR163W,56.9244351203572
YHL039W,737.830976700424
YDR435C,385.721178210572
YBR270C,2255.18223831385
YGL153W,477.733010106926
YEL020C,449.720880732318
YMR021C,890.190374003633
YOL136C,1119.7717392014
YDR026C,248.213231946024
YOR009W,787.255347250738
YDR536W,272.251810704599
YGL076C,87.2399457612515
YHR027C,416.808769256478
YNR011C,47.1146914510678
YMR309C,274.151472665505
YGR109C,330.911121626269
YDR534C,2767.84369984316
YJL110C,3018.82689337881
YLR110C,98.1318006438713
YOR257W,86.0658887278417
YPL032C,1125.20877090661
YOR189W,957.775850433729
YDL082W,766.15044453027
YBR106W,851.232581427402
YDR140W,216.785350269058
YMR040W,28.1147838637892
YDL237W,827.958568761669
YNL034W,1814.06857102604
YMR137C,100.078340313435
YPR048W,118.457333319385
YER054C,1343.13817974726
YGR082W,203.639401077326
YJL031C,116.187150938036
YJL183W,607.040240740789
YAR015W,430.192883975761
YFL052W,265.950858638112
YJL216C,103.42550690409
YDR073W,220.095626449699
YJR082C,519.155650041207
YML118W,462.268110441119
YKL039W,620.491397519985
YDR137W,2988.61184679066
YLR174W,575.583839316341
YBR172C,105.129258420422
YKL217W,614.365358877521
YDR503C,1894.10447881575
YPR034W,82.8609721000354
YOR197W,331.622466617902
YOL138C,1599.05888361737
YGL130W,603.290790364925
YOR008C,323.214031634751
YDL212W,467.658092699886
YML092C,250.261002294389
YOR033C,742.831800253455
YML053C,205.939977237355
YKL175W,1791.79017973676
YPL239W,402.951146897787
YNL189W,1280.02069109418
YDL001W,2739.52706041533
YBR276C,1619.83462545555
YPR157W,34.5643925818082
YGL183C,902.660823832016
YBR168W,232.376740970591
YJR104C,1231.48767540445
YPR148C,592.144564171256
YAL040C,1752.3865356725
YNL256W,797.73039204211
YMR147W,616.843130246317
YAL024C,371.934413329589
YJR129C,96.1551574770406
YBR179C,297.304952852801
YPR070W,606.964222479018
YGL057C,932.233225280903
YKR011C,2232.94572393872
YDR305C,2305.47855543786
YDR229W,445.735404738206
YHR175W,80.7200808347267
YDL176W,2986.03044097159
YDR004W,1637.13875344172
YOL006C,494.45016211571
YLR425W,413.334394984922
YLR383W,304.319299722803
YGR021W,2281.16695473618
YLR183C,13670.4292220446
YJL082W,512.602170403535
YOR271C,1616.68104085391
YPL069C,841.667996620602
YGR104C,623.567663479305
YGL001C,332.895652204976
YNL239W,462.999631567459
YML061C,2430.73053164595
YDR076W,1608.88594980669
YML098W,746.634488516952
YDR262W,377.319683516918
YOR316C,113.39023060838
YPL241C,2811.98444217337
YOR264W,733.918311007531
YOL146W,2296.06418921293
YJL029C,660.01307094537
YGL101W,2562.17757982717
YBR015C,555.464846750164
YGR004W,145.21784815278
YHR037W,1059.32327406552
YBR016W,3446.87696888251
YOL044W,28.6885044327352
YDR180W,962.138240688478
YMR226C,967.262572159491
YJL069C,2901.64984343437
YGR150C,289.221886663047
YHR031C,145.305384807071
YGR201C,68.588310845778
YLR131C,600.297137579622
YGR274C,1070.20007146458
YJL057C,1897.0217840529
YAL037W,232.296100730847
YNL104C,1957.18065053961
YGL151W,230.664779620215
YLR397C,179.622338882406
YML063W,701.015284525666
YPL042C,342.25486097827
YDR080W,111.468570214168
YOL019W,545.753757507304
YJL200C,968.897329568286
YLR141W,2205.2640611205
YDR395W,952.003030013746
YBR183W,148.936140288312
YCL048W,641.681941315006
YGL224C,1026.75202558023
YDR161W,198.54808327667
YMR290C,2710.75158477513
YBR297W,93.0632575545072
YGL031C,526.016231618753
YDR292C,5091.80755368235
YNR065C,241.078526672634
YDR130C,1454.94759656146
YGR066C,621.100794480233
YKL052C,1071.40809930393
YJL154C,287.177604639502
YER105C,72.0103659694812
YOL117W,1312.08887743918
YJR032W,395.490459730504
YDL175C,145.745918857968
YPR151C,5654.1401236244
YEL049W,240.478853421761
YNR032W,1911.59739385645
YJR041C,119.695438712928
YDR345C,423.351619219906
YOR378W,472.574455750612
YOL059W,467.654698312961
YIL004C,100.445807926158
YPR047W,4730.59303061384
YIL046W,1533.7922108939
YGR048W,344.97163543873
YDR044W,6926.65981850156
YJR088C,9476.53407857081
YMR145C,25.7150787219845
YMR296C,679.660418301984
YAL011W,324.706794880619
YEL063C,271.483074316378
YGR040W,58.9441501602606
YOR118W,169.56903140046
YML005W,264.317337710367
YCR092C,114.294404996909
YAL002W,316.685003233748
YJL166W,147.355123298768
YGR285C,31.7676634708212
YPL020C,2622.70303815496
YIR042C,91.4171322873279
YKL043W,1091.23554152793
YHR059W,171.795776860482
YGR196C,432.713801517118
YAL059W,76.0641415077404
YNL191W,216.283111590717
YAR050W,3554.7666942592
YOL007C,231.275536188402
YDR013W,370.572148486806
YCL001W,193.145774147084
YJL059W,148.725095646895
YLL050C,70.4661359286149
YLR301W,1348.97174940754
YGR068C,307.643523505852
YEL011W,3217.75154390925
YER075C,88.6023455692021
YGR029W,99.1353587817163
YLL040C,862.391429106401
YMR203W,1031.74108097425
YOL029C,332.275960684217
YLR451W,195.446032804733
YGL212W,102.324166376648
YNR070W,1384.91688086843
YBR258C,204.381844539926
YMR177W,647.379376423683
YKR092C,1254.06585076028
YBR287W,523.42553049812
YLL006W,299.495519007858
YDR506C,203.832046245353
YBR031W,335.807576844091
YIL026C,3776.46272864667
YLL003W,128.505123825799
YER047C,606.3896068523
YOL119C,201.095267801937
YGL223C,2081.68897620773
YDR036C,1049.55322411032
YKL182W,1065.49313513776
YBR057C,289.404523979175
YER014W,190.57027818988
YDL083C,1067.21449514388
YOR085W,1992.83706745317
YBL021C,4621.15618297836
YOR150W,412.919960422745
YOL162W,198.172528547292
YIL057C,895.556286936027
YMR174C,230.425209206506
YGL231C,375.981116824644
YHR013C,1135.62018854268
YNL130C,635.628473997597
YDL124W,436.468189535939
YKR014C,234.465448832698
YKL150W,486.344295768578
YDR025W,63.3581337368244
YLR094C,165.419663313954
YOR054C,35.1587211873509
YNL012W,149.662561369474
YMR135C,194.330631449375
YOL047C,1516.92419671377
YOR383C,5459.71367579502
YIR023W,345.111213138857
YHL026C,94.7129854087433
YKL085W,469.265597000908
YBL054W,2440.30079311402
YJL172W,869.520404839129
YPR021C,114.094648377923
YMR146C,2552.28658257833
YMR015C,315.191391931623
YGR277C,488.662613216145
YMR071C,465.067633582375
YLR288C,516.106793607348
YDR539W,483.739914485323
YBR259W,2542.30711489497
YGR096W,479.15491071285
YER025W,57.9476089349758
YKR078W,354.991012166539
YGR087C,16539.8250614951
YDR282C,82.4121669703144
YCR024C,1382.20314285905
YBR060C,301.432163094217
YPL200W,6049.93356264896
YML050W,90.9137267934108
YOR136W,278.089428665788
YEL047C,643.04316757765
YML058W,618.143337588945
YDR188W,409.818163457202
YPL147W,3483.33860924848
YJL023C,2420.007984353
YHR039C,1291.76098212664
YMR063W,49.2663123296559
YDR514C,423.714515873749
YNL186W,415.861711790576
YPL085W,174.331158575942
YIL114C,2481.21489305822
YJL049W,38.0101903079752
YGR034W,317.678859374045
YGL205W,369.572035206024
YOR060C,301.908675233854
YBR111C,314.803681822713
YOR173W,427.628934894239
YPL202C,457.690657999073
YOL049W,568.445646432969
YPR186C,90.3736128333015
YLR093C,1991.64078211622
YGL233W,246.337479354848
YML097C,939.580087756952
YNL025C,651.62023184307
YPR184W,695.855318258125
YMR172W,1824.78290531334
YDR206W,731.044085566652
YIL065C,440.779444876018
YER043C,627.263951416219
YOR111W,2019.60270455612
YDR150W,863.854696763175
YPR023C,224.5081406433
YBL092W,4273.76685351728
YNR012W,453.551664186618
YJL171C,291.941783853025
YPR132W,1015.10425168432
YLR281C,455.906569445807
YKR052C,541.519885727986
YIL084C,766.085798541339
YOL154W,903.808947780385
YIR025W,145.247067144498
YHR038W,1451.16154282227
YML104C,438.768109238488
YLR274W,595.919588884298
YIL035C,384.471210201572
YJR070C,10142.4461393339
YOR109W,3832.45350549627
YOR151C,1194.2895623904
YGR093W,222.671769519467
YDL148C,812.378433710142
YLR353W,355.727858310483
YPR055W,415.582755182648
YML026C,147.506992827634
YDR018C,119.738730331662
YLR330W,699.317866960817
YOR261C,1875.41149561559
YKL034W,789.602348919082
YMR142C,983.992908048316
YBR003W,68.1227313722854
YBL017C,502.232318383362
YDR194C,1499.67856964362
YPR005C,132.748418638709
YOR119C,3512.51923693266
YDR504C,1791.67283354829
YBR228W,628.310062944048
YKL151C,2278.89275863602
YNR010W,151.533350761977
YDR283C,87.0195377178677
YHR211W,51.0369717830653
YJR102C,3405.47165503379
YGR243W,478.691457830769
YNL106C,2050.21577560974
YIL036W,2182.67030399104
YAL017W,2274.75502590725
YDR499W,1022.61088084344
YPL188W,530.386985242362
YOR204W,702.713414863989
YGL162W,317.524451712151
YKL209C,747.318201437969
YGL082W,431.071675982144
YJR112W,60.627680459057
YPL043W,456.419841736414
YLL011W,2601.33475025571
YGL263W,51.688848354338
YOR306C,520.434407046514
YBR093C,857.128850596237
YAL033W,398.363876602836
YBL027W,206.396113290589
YGR204W,144.317742136888
YBR090C,1111.41903387027
YKL002W,140.246535175199
YJL095W,70.223814946275
YFL007W,424.595053466381
YLR038C,905.219521209045
YLR144C,3304.33688541424
YOR296W,66.4460917023159
YLR134W,121.966027226497
YBR204C,2282.03340550059
YDR354W,347.367914003202
YIR019C,267.245723941066
YLR066W,54.5950973910813
YGL104C,161.363875628361
YBR156C,200.0897195572
YMR129W,300.025297650384
YHR071W,1438.04100133166
YCR102C,368.165983803959
YOL061W,787.69882156516
YGL128C,498.823608151228
YJL176C,399.810823127808
YPR183W,638.674120557056
YOL155C,104.912530096461
YOR367W,1061.97517285821
YIR034C,26.4360322697291
YLR260W,98.7612970991209
YOR229W,385.516074147912
YLR046C,256.581614034596
YJR122W,26.5570749578693
YMR033W,76.7758846161263
YHR004C,571.830192020791
YGR085C,329.658131290885
YML035C,236.866878572533
YNR030W,1245.79496030657
YPR079W,79.4540302181682
YCL044C,5750.73636673667
